event_id,customer_id,order_id,event_timestamp,event_type,session_id,device_type,zone_context,api_latency_ms,success_flag
ae00001,c0488,nan,2024-08-09 03:25:00,eta_refresh,s19847,android,north,301,1
ae00002,c0595,o00950,2024-02-13 22:29:00,search_route,s32766,android,south,60,1
ae00003,c0494,o00170,2025-08-11 09:29:00,chat_opened,s99516,ios,airport,1118,1
ae00004,c0407,o00756,2025-08-23 17:38:00,eta_refresh,s41236,ios,central,442,1
ae00005,c0506,nan,2024-05-29 10:33:00,search_route,s12030,ios,north,60,1
ae00006,c0498,o01196,2025-02-08 09:50:00,track_order,s66655,web,west,499,1
ae00007,c0033,o00028,2025-04-20 19:06:00,chat_opened,s79495,android,south,169,1
ae00008,c0091,o00076,2024-08-18 02:08:00,search_route,s59028,android,ctr,431,1
ae00009,c0421,o01222,2025-07-20 11:46:00,eta_refresh,s76526,web,north,609,1
ae00010,c0553,o00854,2024-07-10 13:11:00,chat_opened,s24618,android,west,167,1
ae00011,c0643,o00192,2025-05-10 11:23:00,delivery_instruction_update,s22799,ios,ctr,182,1
ae00012,c0095,o01080,2025-12-10 19:11:00,chat_escalated,s57519,android,ctr,60,1
ae00013,c0479,o00414,2024-05-28 15:11:00,chat_escalated,s37114,web,west,399,0
ae00014,c0626,o01054,2025-04-04 13:19:00,track_order,s75243,android,airport,998,1
ae00015,c0014,o00860,2024-08-16 15:27:00,chat_opened,s71663,android,west,238,1
ae00016,c0506,nan,2024-01-13 06:22:00,search_route,s47757,ios,riverside,536,1
ae00017,c0170,o00424,2024-04-04 06:22:00,chat_escalated,s30048,android,north,624,0
ae00018,c0530,o00295,2025-11-12 08:58:00,delivery_instruction_update,s76990,android,north,626,1
ae00019,c0179,o00628,2025-03-31 17:14:00,track_order,s88326,android,south,707,1
ae00020,c0116,o01065,2025-10-25 19:05:00,chat_opened,s81897,android,north,196,1
ae00021,c0317,nan,2025-09-22 05:58:00,search_route,s89590,android,ctr,494,1
ae00022,c0188,o00844,2024-03-28 22:47:00,delivery_instruction_update,s29750,ios,south,760,1
ae00023,c0543,o00854,2024-10-16 14:48:00,chat_opened,s76975,ios,north,644,1
ae00024,c0022,o01082,2024-03-11 19:51:00,track_order,s59171,android,east,60,1
ae00025,c0486,nan,2025-06-27 22:42:00,track_order,s29906,ios,north,350,1
ae00026,c0490,o00330,2024-11-16 23:54:00,eta_refresh,s93151,android,north,388,1
ae00027,c0574,o00077,2024-05-12 06:04:00,delivery_instruction_update,s14580,ios,riverside,886,1
ae00028,c0166,nan,2024-09-27 00:44:00,track_order,s26243,android,south,570,1
ae00029,c0367,nan,2024-03-27 16:30:00,payment_retry,s27022,android,east,435,1
ae00030,c0455,o00229,2025-06-07 02:10:00,chat_opened,s74816,ios,west,403,1
ae00031,c0241,o01158,2024-06-09 05:13:00,track_order,s52070,ios,airport,1660,1
ae00032,c0226,o00402,2025-09-20 00:20:00,search_route,s18892,android,east,632,1
ae00033,c0587,o00742,2025-01-03 09:32:00,track_order,s56165,android,north,520,1
ae00034,c0245,nan,2025-08-21 08:08:00,search_route,s39479,android,central,510,1
ae00035,c0017,nan,2025-10-08 17:17:00,payment_retry,s20798,ios,south,60,1
ae00036,c0007,o00977,2025-05-03 17:47:00,chat_escalated,s19561,ios,ctr,362,0
ae00037,c0160,nan,2025-08-26 22:16:00,chat_opened,s73982,android,east,458,1
ae00038,c0166,o00475,2025-09-25 11:47:00,eta_refresh,s10481,ios,west,324,1
ae00039,c0274,nan,2024-01-09 23:40:00,payment_retry,s24754,ios,ctr,528,1
ae00040,c0532,o01015,2025-11-17 09:32:00,search_route,s82851,ios,west,724,1
ae00041,c0075,o00349,2025-05-24 04:19:00,track_order,s44614,android,riverside,670,1
ae00042,c0409,o00044,2024-09-18 07:02:00,search_route,s80779,ios,north,524,1
ae00043,c0200,o00954,2024-11-27 18:10:00,eta_refresh,s78974,android,west,287,1
ae00044,c0633,o01022,2025-06-04 17:13:00,search_route,s44218,android,central,588,1
ae00045,c0163,o00696,2024-10-09 22:04:00,payment_retry,s76855,ios,airport,555,1
ae00046,c0531,o00016,2024-10-30 13:13:00,search_route,s55883,web,west,326,1
ae00047,c0063,o00159,2024-09-18 14:52:00,track_order,s29662,ios,east,344,1
ae00048,c0306,o01222,2025-02-25 04:16:00,chat_escalated,s77519,android,riverside,166,0
ae00049,c0381,o01086,2025-11-11 17:22:00,chat_opened,s99244,android,west,113,1
ae00050,c0114,nan,2024-01-05 23:16:00,track_order,s64182,android,north,545,1
ae00051,c0080,o00512,2025-10-18 21:50:00,eta_refresh,s35136,android,ctr,473,1
ae00052,c0326,o01080,2024-02-12 02:37:00,payment_retry,s42021,android,north,570,0
ae00053,c0349,o00467,2024-11-28 23:28:00,delivery_instruction_update,s83805,ios,south,255,1
ae00054,c0138,o00189,2025-05-01 02:00:00,search_route,s82990,ios,south,73,1
ae00055,c0120,o00922,2024-09-29 23:08:00,track_order,s55056,ios,airport,800,1
ae00056,c0556,o01180,2025-09-23 17:24:00,payment_retry,s77071,android,north,592,0
ae00057,c0266,o00600,2025-11-03 13:54:00,track_order,s51373,android,east,585,1
ae00058,c0187,nan,2025-08-26 16:54:00,search_route,s24062,ios,airport,207,1
ae00059,c0613,nan,2024-12-30 21:49:00,delivery_instruction_update,s18202,android,east,327,1
ae00060,c0490,o00551,2025-09-14 12:20:00,search_route,s69751,ios,central,270,1
ae00061,c0551,o01205,2025-03-31 09:18:00,track_order,s46023,ios,airport,418,1
ae00062,c0116,o01105,2024-01-29 07:08:00,track_order,s57220,android,riverside,838,1
ae00063,c0549,o00656,2024-11-06 15:04:00,delivery_instruction_update,s42721,android,east,274,1
ae00064,c0515,o00032,2024-09-16 15:36:00,track_order,s99350,android,central,840,1
ae00065,c0127,o01042,2024-04-03 04:07:00,delivery_instruction_update,s23520,android,east,287,1
ae00066,c0612,nan,2025-05-19 07:41:00,payment_retry,s90136,android,riverside,60,0
ae00067,c0113,o00822,2025-04-28 01:07:00,eta_refresh,s57776,android,north,594,1
ae00068,c0130,o00096,2024-04-06 13:41:00,chat_opened,s29137,android,ctr,60,1
ae00069,c0303,nan,2025-02-13 15:13:00,payment_retry,s60656,android,south,637,0
ae00070,c0063,o00689,2025-06-11 06:37:00,chat_opened,s88132,ios,central,477,1
ae00071,c0565,o01092,2024-10-11 06:33:00,chat_opened,s38006,ios,east,300,1
ae00072,c0006,o00802,2025-11-10 23:09:00,track_order,s37414,android,ctr,155,1
ae00073,c0521,nan,2025-08-20 22:37:00,cancel_attempt,s18062,web,airport,392,1
ae00074,c0522,nan,2025-04-13 00:33:00,chat_opened,s11111,ios,airport,347,1
ae00075,c0439,o00245,2024-09-22 13:20:00,delivery_instruction_update,s47526,ios,airport,463,1
ae00076,c0221,o01006,2025-04-19 07:46:00,delivery_instruction_update,s50746,android,east,1005,1
ae00077,c0549,o01026,2024-06-12 20:18:00,search_route,s59198,ios,east,546,1
ae00078,c0328,nan,2025-04-30 19:26:00,eta_refresh,s67487,android,airport,853,1
ae00079,c0371,o00950,2025-02-28 12:58:00,delivery_instruction_update,s75895,ios,riverside,646,1
ae00080,c0181,o00757,2024-01-08 01:12:00,search_route,s51497,android,south,783,1
ae00081,c0182,o00976,2024-05-14 22:41:00,track_order,s96252,android,west,422,1
ae00082,c0231,o00506,2025-12-03 00:20:00,search_route,s46240,ios,east,60,1
ae00083,c0215,o00602,2024-09-12 22:25:00,track_order,s29184,ios,east,265,1
ae00084,c0021,o01124,2024-02-22 02:18:00,delivery_instruction_update,s65491,ios,south,688,1
ae00085,c0634,o01212,2024-03-20 07:47:00,delivery_instruction_update,s30667,android,airport,843,1
ae00086,c0256,nan,2024-03-16 01:54:00,search_route,s82272,ios,south,813,1
ae00087,c0218,o00386,2024-06-27 01:58:00,search_route,s21479,android,riverside,401,1
ae00088,c0157,nan,2024-06-12 21:08:00,chat_opened,s21347,android,north,561,1
ae00089,c0637,o00619,2024-01-02 17:18:00,search_route,s54109,web,north,60,1
ae00090,c0044,o00078,2025-07-17 23:08:00,payment_retry,s76455,android,north,820,1
ae00091,c0204,o00772,2025-12-06 06:51:00,chat_escalated,s24981,ios,east,610,1
ae00092,c0129,o00080,2025-04-22 23:16:00,eta_refresh,s30798,android,ctr,522,1
ae00093,c0025,o00405,2024-02-13 15:40:00,payment_retry,s57429,ios,east,440,1
ae00094,c0010,nan,2025-08-01 11:56:00,track_order,s78031,ios,south,573,1
ae00095,c0428,o01057,2025-05-16 01:12:00,delivery_instruction_update,s81735,web,west,399,1
ae00096,c0424,o00426,2025-02-07 00:14:00,track_order,s50881,web,east,562,1
ae00097,c0468,o00460,2025-06-10 04:05:00,payment_retry,s77602,android,riverside,404,0
ae00098,c0101,nan,2025-01-31 14:10:00,chat_escalated,s89859,ios,riverside,401,1
ae00099,c0095,o00709,2024-04-25 00:36:00,payment_retry,s33955,android,riverside,138,1
ae00100,c0312,nan,2024-05-29 17:36:00,chat_escalated,s86296,android,airport,137,0
ae00101,c0149,nan,2025-08-08 19:08:00,cancel_attempt,s34862,web,central,618,1
ae00102,c0272,o01227,2025-05-13 09:40:00,chat_escalated,s62522,android,east,982,1
ae00103,c0306,o00114,2025-10-02 10:34:00,payment_retry,s19712,web,north,551,1
ae00104,c0429,o00170,2024-03-19 16:37:00,chat_opened,s25315,android,riverside,649,1
ae00105,c0540,o00428,2024-05-28 05:14:00,cancel_attempt,s64900,ios,riverside,153,1
ae00106,c0360,o01144,2025-01-25 13:47:00,search_route,s96181,android,south,216,1
ae00107,c0081,o00858,2024-01-24 03:08:00,chat_escalated,s34476,android,north,449,0
ae00108,c0307,nan,2024-11-27 16:15:00,eta_refresh,s13993,web,ctr,1285,1
ae00109,c0114,o00393,2024-07-17 12:02:00,eta_refresh,s22089,android,airport,533,1
ae00110,c0382,o00099,2024-07-03 02:04:00,delivery_instruction_update,s87255,web,ctr,209,1
ae00111,c0565,o00055,2025-02-06 03:15:00,cancel_attempt,s80723,android,riverside,219,1
ae00112,c0259,o00051,2025-04-24 08:45:00,search_route,s67232,android,central,602,1
ae00113,c0540,o01132,2024-02-27 18:25:00,search_route,s21806,android,west,510,1
ae00114,c0135,o00217,2025-06-02 18:48:00,eta_refresh,s46677,ios,west,464,1
ae00115,c0012,o00781,2025-12-29 23:12:00,track_order,s41963,ios,north,546,1
ae00116,c0237,o00033,2024-07-16 05:19:00,eta_refresh,s56150,ios,ctr,422,1
ae00117,c0122,o00043,2024-04-11 11:39:00,track_order,s18818,android,north,387,1
ae00118,c0459,o00059,2024-07-12 20:41:00,track_order,s52877,android,north,629,1
ae00119,c0153,o00021,2024-01-13 16:25:00,track_order,s89481,web,north,628,1
ae00120,c0429,o00367,2024-08-09 08:11:00,delivery_instruction_update,s53741,android,ctr,1218,1
ae00121,c0451,o00857,2025-09-30 03:14:00,payment_retry,s19782,android,west,862,0
ae00122,c0178,o00979,2025-07-16 15:36:00,eta_refresh,s68778,ios,east,312,1
ae00123,c0250,o00011,2024-11-15 06:53:00,payment_retry,s15600,android,central,1558,1
ae00124,c0348,nan,2025-03-06 23:34:00,eta_refresh,s29360,android,east,537,1
ae00125,c0430,o01083,2025-06-22 18:22:00,delivery_instruction_update,s35887,android,south,510,1
ae00126,c0343,o00847,2024-12-13 22:02:00,eta_refresh,s81938,ios,central,433,1
ae00127,c0135,o01205,2025-11-12 01:05:00,track_order,s33676,web,west,299,1
ae00128,c0139,nan,2025-03-21 11:03:00,chat_opened,s89566,android,riverside,302,1
ae00129,c0234,o01211,2024-08-28 20:20:00,search_route,s11783,android,south,304,1
ae00130,c0499,o00863,2024-01-12 22:22:00,delivery_instruction_update,s63325,android,east,286,1
ae00131,c0344,o00395,2025-12-09 05:51:00,eta_refresh,s40076,android,east,751,1
ae00132,c0504,o00741,2024-04-30 13:14:00,chat_opened,s11696,android,west,375,1
ae00133,c0119,nan,2025-10-13 19:59:00,eta_refresh,s63204,android,west,512,1
ae00134,c0074,o00216,2024-12-31 16:38:00,eta_refresh,s31994,android,airport,368,1
ae00135,c0447,o00395,2025-05-03 11:11:00,chat_opened,s28174,ios,east,418,1
ae00136,c0324,nan,2025-09-05 10:01:00,payment_retry,s41186,android,east,491,1
ae00137,c0318,o00669,2024-07-19 21:36:00,search_route,s42305,android,north,289,1
ae00138,c0495,o00863,2024-07-04 03:28:00,delivery_instruction_update,s41862,ios,south,641,1
ae00139,c0589,o01195,2024-04-06 09:08:00,track_order,s18650,ios,south,263,1
ae00140,c0026,o00312,2024-07-30 22:16:00,track_order,s35078,ios,west,639,1
ae00141,c0644,o00956,2024-07-21 16:03:00,track_order,s51247,android,ctr,901,1
ae00142,c0005,o00103,2024-04-18 04:39:00,track_order,s33250,android,west,187,1
ae00143,c0025,o00124,2024-07-18 18:59:00,cancel_attempt,s88076,android,airport,1039,1
ae00144,c0347,o00708,2024-10-08 10:04:00,eta_refresh,s80449,android,north,648,1
ae00145,c0062,o01049,2024-08-31 23:03:00,delivery_instruction_update,s88111,ios,central,159,1
ae00146,c0228,o00311,2025-08-02 23:18:00,track_order,s69169,android,north,275,1
ae00147,c0128,o00020,2024-09-28 14:16:00,track_order,s54633,ios,central,836,1
ae00148,c0634,nan,2025-07-16 13:16:00,track_order,s69151,android,airport,263,1
ae00149,c0236,o00733,2024-03-04 12:19:00,delivery_instruction_update,s97668,android,east,191,1
ae00150,c0207,o00017,2025-12-02 08:49:00,cancel_attempt,s30266,android,south,118,1
ae00151,c0472,o00129,2024-11-24 20:48:00,search_route,s28386,android,airport,1035,1
ae00152,c0134,o00890,2025-10-28 12:42:00,payment_retry,s79279,ios,east,609,1
ae00153,c0540,nan,2024-10-28 03:03:00,search_route,s92690,android,ctr,360,1
ae00154,c0096,o00813,2025-04-03 00:09:00,track_order,s26942,ios,riverside,187,1
ae00155,c0256,o01136,2025-06-19 05:14:00,search_route,s78880,ios,east,780,1
ae00156,c0004,o00998,2025-05-12 19:56:00,chat_opened,s19094,android,north,618,1
ae00157,c0568,o01041,2025-07-05 07:53:00,chat_opened,s94050,android,east,669,1
ae00158,c0444,o00239,2024-05-01 10:17:00,track_order,s64444,android,south,558,1
ae00159,c0057,o01073,2025-10-10 01:20:00,search_route,s80676,android,south,100,1
ae00160,c0351,nan,2025-09-12 22:47:00,chat_opened,s51613,android,central,264,1
ae00161,c0308,o00031,2024-06-16 16:40:00,search_route,s73430,ios,east,635,1
ae00162,c0277,nan,2024-10-19 12:25:00,cancel_attempt,s90878,ios,riverside,477,1
ae00163,c0159,o00703,2025-05-30 03:46:00,search_route,s29863,android,south,586,1
ae00164,c0028,o00547,2025-10-13 18:52:00,eta_refresh,s21845,android,west,330,1
ae00165,c0211,o01203,2024-11-20 00:04:00,track_order,s42312,ios,west,141,1
ae00166,c0152,nan,2024-08-21 15:08:00,chat_escalated,s45482,ios,south,60,1
ae00167,c0327,nan,2024-05-24 08:39:00,track_order,s97782,android,central,450,1
ae00168,c0428,o00991,2024-11-13 12:22:00,track_order,s94225,android,central,160,1
ae00169,c0236,o01007,2025-09-20 00:31:00,payment_retry,s31565,android,airport,252,1
ae00170,c0602,nan,2025-05-24 11:07:00,track_order,s40147,ios,west,642,1
ae00171,c0219,nan,2024-12-05 01:18:00,chat_opened,s45451,ios,airport,659,1
ae00172,c0636,nan,2024-10-27 02:36:00,eta_refresh,s15954,ios,west,564,1
ae00173,c0604,o00323,2024-05-12 11:14:00,eta_refresh,s59591,web,west,772,1
ae00174,c0516,nan,2024-10-17 18:43:00,track_order,s79217,ios,west,418,1
ae00175,c0027,o00040,2025-03-22 09:30:00,chat_opened,s27542,ios,north,828,1
ae00176,c0443,o00475,2025-04-19 23:45:00,track_order,s99435,ios,east,530,1
ae00177,c0431,nan,2025-10-20 04:30:00,chat_opened,s90018,android,airport,338,1
ae00178,c0022,nan,2024-05-23 05:09:00,delivery_instruction_update,s15462,android,east,186,1
ae00179,c0634,o00605,2024-04-20 23:19:00,delivery_instruction_update,s52206,android,north,231,1
ae00180,c0003,o00599,2024-04-05 22:39:00,cancel_attempt,s48720,android,airport,282,1
ae00181,c0602,nan,2024-08-15 12:23:00,chat_opened,s38965,ios,east,413,1
ae00182,c0438,o01213,2025-04-26 09:51:00,eta_refresh,s29723,android,west,328,1
ae00183,c0227,nan,2024-04-07 12:16:00,payment_retry,s65322,ios,riverside,76,1
ae00184,c0383,o00290,2025-06-28 12:11:00,eta_refresh,s10919,android,airport,673,1
ae00185,c0540,o00636,2024-01-01 04:02:00,payment_retry,s50299,web,east,550,1
ae00186,c0297,o00033,2024-01-09 21:50:00,delivery_instruction_update,s98196,web,airport,811,1
ae00187,c0500,nan,2024-04-03 04:53:00,track_order,s84399,ios,riverside,516,1
ae00188,c0576,nan,2025-03-10 15:20:00,chat_opened,s72332,ios,south,376,1
ae00189,c0491,o00686,2024-08-03 12:43:00,chat_opened,s98299,ios,central,320,1
ae00190,c0006,o00220,2024-12-25 13:57:00,track_order,s89254,web,west,407,1
ae00191,c0559,o00582,2024-03-06 18:13:00,search_route,s57395,android,ctr,304,1
ae00192,c0415,o00091,2025-04-04 13:39:00,eta_refresh,s25456,web,riverside,238,1
ae00193,c0558,o00320,2024-08-10 19:31:00,payment_retry,s70607,ios,airport,1701,1
ae00194,c0502,nan,2025-04-13 13:31:00,track_order,s92171,web,riverside,291,1
ae00195,c0182,o00489,2024-02-12 12:39:00,track_order,s88300,ios,riverside,553,1
ae00196,c0308,o01227,2024-07-18 11:53:00,payment_retry,s74695,ios,airport,280,0
ae00197,c0287,nan,2024-01-05 09:57:00,track_order,s12792,ios,south,222,1
ae00198,c0229,nan,2025-11-10 12:31:00,payment_retry,s61126,ios,riverside,321,1
ae00199,c0458,o00502,2025-03-05 09:23:00,track_order,s54839,android,east,794,1
ae00200,c0422,o00420,2025-11-13 01:11:00,eta_refresh,s20454,android,riverside,574,1
ae00201,c0139,o00783,2024-08-12 08:07:00,eta_refresh,s79498,android,west,60,1
ae00202,c0190,o00008,2024-12-31 22:36:00,track_order,s46827,android,riverside,747,1
ae00203,c0050,o01110,2024-11-28 23:16:00,eta_refresh,s88874,ios,north,792,1
ae00204,c0370,o00390,2025-10-21 12:12:00,search_route,s14150,ios,airport,414,1
ae00205,c0565,o01188,2025-12-02 17:43:00,search_route,s65549,ios,west,521,1
ae00206,c0540,o00860,2025-08-10 13:22:00,track_order,s41049,ios,central,423,1
ae00207,c0611,o00360,2025-09-30 05:26:00,track_order,s85216,ios,north,443,1
ae00208,c0492,o00439,2024-07-18 08:06:00,delivery_instruction_update,s14892,ios,east,729,1
ae00209,c0311,o00549,2025-06-25 21:11:00,search_route,s69288,ios,east,479,1
ae00210,c0066,o00764,2025-10-17 10:22:00,track_order,s97799,android,north,610,1
ae00211,c0154,o00597,2025-03-10 18:31:00,chat_opened,s23758,ios,north,273,1
ae00212,c0050,o00656,2024-12-09 02:17:00,chat_escalated,s30429,web,airport,474,0
ae00213,c0165,o00825,2025-12-31 01:59:00,cancel_attempt,s21498,android,west,337,1
ae00214,c0036,o00929,2024-11-19 16:32:00,chat_escalated,s95975,ios,central,60,1
ae00215,c0408,nan,2024-11-04 12:36:00,eta_refresh,s99032,web,riverside,753,1
ae00216,c0353,o00689,2025-02-15 06:05:00,track_order,s56502,android,west,193,1
ae00217,c0489,o00452,2024-04-22 18:38:00,track_order,s41923,ios,east,523,1
ae00218,c0638,o00997,2024-07-11 07:41:00,search_route,s93085,android,airport,137,1
ae00219,c0495,o00473,2024-11-06 10:57:00,cancel_attempt,s46630,ios,central,371,1
ae00220,c0469,o00413,2025-10-02 15:05:00,search_route,s61687,ios,airport,1046,1
ae00221,c0309,o01074,2025-08-16 01:12:00,delivery_instruction_update,s93181,android,west,584,1
ae00222,c0511,o00539,2024-09-13 09:38:00,search_route,s16455,android,west,606,1
ae00223,c0506,nan,2025-01-05 02:35:00,eta_refresh,s19581,android,riverside,717,1
ae00224,c0611,nan,2025-12-03 15:48:00,chat_escalated,s69785,android,north,433,1
ae00225,c0105,o00659,2025-07-03 18:05:00,search_route,s69038,android,south,401,1
ae00226,c0259,o00918,2025-07-10 21:37:00,track_order,s12105,android,central,581,1
ae00227,c0194,o00918,2024-06-11 02:54:00,delivery_instruction_update,s26318,ios,riverside,241,1
ae00228,c0220,o01213,2024-03-18 10:58:00,track_order,s31464,android,north,261,1
ae00229,c0392,o00450,2024-01-29 03:08:00,track_order,s32859,ios,riverside,484,1
ae00230,c0467,o00698,2025-06-02 00:55:00,payment_retry,s79237,web,west,368,1
ae00231,c0375,o00188,2024-02-28 00:09:00,chat_opened,s62538,ios,riverside,394,1
ae00232,c0475,o00336,2025-06-10 10:39:00,chat_opened,s19410,ios,north,614,1
ae00233,c0144,o00990,2025-09-06 23:35:00,search_route,s25207,web,south,440,1
ae00234,c0447,o00068,2025-05-16 04:24:00,search_route,s16617,ios,central,718,1
ae00235,c0102,o00065,2024-07-28 16:08:00,track_order,s32192,android,east,531,1
ae00236,c0215,o00722,2024-08-23 22:05:00,payment_retry,s66874,ios,airport,478,1
ae00237,c0375,o00581,2024-05-26 13:58:00,eta_refresh,s75980,android,east,339,1
ae00238,c0611,o00098,2024-10-30 02:43:00,delivery_instruction_update,s27480,web,airport,321,1
ae00239,c0291,o00746,2025-03-15 03:20:00,chat_escalated,s83143,ios,riverside,215,1
ae00240,c0109,o00771,2025-12-08 03:46:00,chat_opened,s68728,android,ctr,895,1
ae00241,c0024,o00814,2024-06-28 06:51:00,chat_opened,s22478,ios,riverside,624,1
ae00242,c0070,o00627,2024-04-18 10:54:00,delivery_instruction_update,s59972,ios,central,792,1
ae00243,c0217,o00878,2024-07-05 13:59:00,chat_opened,s89574,android,north,646,1
ae00244,c0355,o01236,2024-02-17 00:42:00,chat_escalated,s49312,android,east,487,0
ae00245,c0159,o00570,2025-06-25 22:42:00,search_route,s22380,web,south,757,1
ae00246,c0173,o00188,2025-09-26 08:26:00,search_route,s73690,ios,east,490,1
ae00247,c0056,nan,2025-05-04 18:58:00,delivery_instruction_update,s49126,android,east,734,1
ae00248,c0558,o01118,2024-02-14 07:02:00,payment_retry,s95292,ios,riverside,488,1
ae00249,c0120,nan,2025-10-20 11:10:00,payment_retry,s60781,android,south,591,0
ae00250,c0409,nan,2024-03-20 14:32:00,delivery_instruction_update,s80264,web,riverside,553,1
ae00251,c0623,o00162,2024-02-16 23:07:00,payment_retry,s96369,android,central,375,1
ae00252,c0202,o00936,2024-04-24 05:08:00,track_order,s97343,ios,airport,278,1
ae00253,c0485,o01098,2025-12-13 20:05:00,chat_escalated,s76383,android,west,799,1
ae00254,c0419,o00265,2024-03-19 05:42:00,track_order,s69799,ios,east,543,1
ae00255,c0563,o00972,2024-04-11 10:46:00,payment_retry,s15134,android,central,376,1
ae00256,c0447,o00220,2025-10-08 16:41:00,delivery_instruction_update,s35671,android,south,466,1
ae00257,c0643,nan,2025-07-16 12:39:00,eta_refresh,s34258,ios,ctr,545,1
ae00258,c0489,o00812,2025-09-24 21:15:00,payment_retry,s53794,web,riverside,60,0
ae00259,c0055,o01208,2025-06-21 16:57:00,delivery_instruction_update,s66374,ios,west,247,1
ae00260,c0109,o00932,2024-10-25 12:28:00,cancel_attempt,s74608,web,airport,350,1
ae00261,c0433,o00167,2025-02-10 10:12:00,search_route,s51615,android,riverside,236,1
ae00262,c0079,o00532,2024-12-21 16:48:00,search_route,s78668,web,east,392,1
ae00263,c0330,o01163,2024-02-14 18:08:00,track_order,s98156,web,riverside,60,1
ae00264,c0134,nan,2024-02-25 19:03:00,track_order,s46151,ios,west,60,1
ae00265,c0192,o01137,2024-11-06 03:00:00,chat_opened,s53981,android,central,1240,1
ae00266,c0378,o00856,2024-12-12 10:44:00,search_route,s22322,android,airport,536,1
ae00267,c0473,nan,2024-09-19 05:09:00,eta_refresh,s55731,ios,riverside,542,1
ae00268,c0377,o01202,2024-05-04 16:58:00,eta_refresh,s22564,ios,west,429,1
ae00269,c0325,o00863,2025-08-15 22:29:00,delivery_instruction_update,s64498,android,riverside,304,1
ae00270,c0578,o00326,2025-09-09 01:15:00,chat_opened,s29661,android,airport,503,1
ae00271,c0322,o01193,2025-10-19 21:23:00,search_route,s43982,web,north,627,1
ae00272,c0338,o01203,2025-03-02 04:57:00,eta_refresh,s33897,ios,east,190,1
ae00273,c0433,o01067,2024-05-28 05:11:00,track_order,s48118,web,riverside,134,1
ae00274,c0049,o01167,2025-09-27 15:25:00,track_order,s94086,android,riverside,495,1
ae00275,c0485,o00676,2024-06-12 17:54:00,delivery_instruction_update,s57005,android,north,279,1
ae00276,c0111,o01221,2025-01-21 11:43:00,search_route,s73488,android,south,300,1
ae00277,c0580,o00409,2024-12-26 15:48:00,payment_retry,s59602,android,west,552,0
ae00278,c0337,o01073,2024-11-12 03:16:00,chat_opened,s88214,android,ctr,421,1
ae00279,c0112,o01215,2025-02-20 21:24:00,track_order,s90848,android,north,582,1
ae00280,c0456,o00907,2025-12-31 18:05:00,track_order,s12463,ios,north,251,1
ae00281,c0310,o00397,2024-03-06 12:05:00,search_route,s39460,android,south,457,1
ae00282,c0234,nan,2024-08-08 19:03:00,chat_opened,s29738,ios,west,1007,1
ae00283,c0589,o00589,2024-09-19 14:25:00,payment_retry,s32645,android,south,362,1
ae00284,c0604,o00371,2025-10-26 11:28:00,search_route,s76025,android,east,60,1
ae00285,c0440,o00539,2025-12-25 16:11:00,search_route,s17327,ios,airport,414,1
ae00286,c0358,nan,2024-02-18 07:54:00,search_route,s60811,ios,central,364,1
ae00287,c0573,o00074,2024-05-02 05:45:00,search_route,s30431,android,east,571,1
ae00288,c0273,o00480,2025-07-21 17:12:00,cancel_attempt,s63671,android,north,60,1
ae00289,c0207,o00654,2024-03-02 10:12:00,payment_retry,s19707,android,riverside,343,1
ae00290,c0399,o00951,2025-08-01 22:46:00,delivery_instruction_update,s84446,android,east,457,1
ae00291,c0312,o00330,2024-12-17 21:44:00,track_order,s95883,android,west,405,1
ae00292,c0520,o00929,2025-10-16 23:21:00,eta_refresh,s72274,ios,north,60,1
ae00293,c0073,o00609,2024-07-10 13:17:00,chat_escalated,s78813,android,west,1074,1
ae00294,c0492,o00876,2025-11-27 02:21:00,track_order,s33068,android,west,405,1
ae00295,c0449,o01002,2025-03-30 00:14:00,payment_retry,s13138,android,west,246,1
ae00296,c0471,o00635,2025-06-30 16:35:00,eta_refresh,s10325,android,riverside,187,1
ae00297,c0411,o01163,2025-03-25 01:02:00,payment_retry,s30130,ios,central,565,1
ae00298,c0107,o01189,2025-06-14 12:47:00,track_order,s71004,ios,east,78,1
ae00299,c0451,nan,2025-03-27 21:53:00,eta_refresh,s92082,web,south,529,1
ae00300,c0014,o00867,2024-08-16 00:18:00,eta_refresh,s10509,android,north,214,1
ae00301,c0503,nan,2024-04-15 18:05:00,eta_refresh,s91821,ios,north,294,1
ae00302,c0555,o00728,2025-03-31 12:56:00,chat_opened,s23029,web,north,692,1
ae00303,c0274,o00142,2025-01-01 07:52:00,cancel_attempt,s47090,web,south,233,1
ae00304,c0401,o00211,2025-10-25 04:43:00,search_route,s24776,web,north,324,1
ae00305,c0428,o00667,2024-02-12 16:22:00,eta_refresh,s55317,ios,east,226,1
ae00306,c0401,o00753,2024-08-28 19:44:00,chat_escalated,s68086,ios,east,265,1
ae00307,c0173,o00956,2025-01-09 16:55:00,chat_escalated,s58130,android,ctr,270,0
ae00308,c0182,o00880,2025-04-01 08:58:00,eta_refresh,s58033,ios,ctr,535,1
ae00309,c0169,o01161,2024-12-15 06:35:00,delivery_instruction_update,s21517,android,west,295,1
ae00310,c0229,o01161,2025-09-25 04:08:00,chat_opened,s21891,ios,west,206,1
ae00311,c0312,nan,2024-08-26 16:45:00,chat_escalated,s51997,ios,west,243,1
ae00312,c0517,nan,2025-11-26 03:53:00,eta_refresh,s16386,android,riverside,512,1
ae00313,c0337,o00032,2025-11-18 21:27:00,track_order,s88456,android,west,400,1
ae00314,c0047,o00755,2024-12-20 19:40:00,cancel_attempt,s71075,ios,south,579,1
ae00315,c0137,o00044,2025-02-13 08:27:00,delivery_instruction_update,s89689,android,west,296,1
ae00316,c0304,o01244,2025-02-17 13:00:00,eta_refresh,s25067,android,airport,440,1
ae00317,c0014,o00912,2025-05-03 14:40:00,track_order,s67860,web,riverside,584,1
ae00318,c0031,o00212,2024-01-01 15:57:00,track_order,s16209,ios,airport,668,1
ae00319,c0330,nan,2025-08-10 16:14:00,track_order,s94639,android,north,231,1
ae00320,c0244,o00884,2024-10-29 23:06:00,chat_opened,s67074,android,north,60,1
ae00321,c0239,o00437,2024-02-01 21:51:00,search_route,s46797,ios,riverside,356,1
ae00322,c0481,o00344,2024-01-26 21:37:00,eta_refresh,s17051,android,riverside,147,1
ae00323,c0648,o01237,2025-03-11 03:52:00,payment_retry,s20836,ios,ctr,752,0
ae00324,c0078,o00721,2025-05-22 15:38:00,eta_refresh,s34536,web,east,310,1
ae00325,c0479,o00062,2024-06-29 12:26:00,eta_refresh,s70624,android,north,180,1
ae00326,c0518,o00946,2025-07-01 13:21:00,track_order,s29534,ios,airport,202,1
ae00327,c0186,o00341,2024-02-13 16:18:00,search_route,s92655,web,central,311,1
ae00328,c0517,nan,2024-12-05 05:55:00,track_order,s81197,android,north,76,1
ae00329,c0172,o00193,2024-08-21 13:52:00,track_order,s67439,android,airport,387,1
ae00330,c0479,o00220,2024-06-04 23:57:00,payment_retry,s57427,web,airport,577,1
ae00331,c0227,nan,2024-09-28 03:50:00,eta_refresh,s87401,web,south,731,1
ae00332,c0247,o00391,2024-04-23 06:44:00,chat_opened,s99938,android,west,409,1
ae00333,c0138,o00453,2024-05-05 18:40:00,chat_opened,s20673,ios,north,944,1
ae00334,c0274,nan,2025-03-15 01:52:00,track_order,s60524,web,ctr,313,1
ae00335,c0520,o00499,2025-08-01 01:29:00,chat_opened,s97260,ios,east,389,1
ae00336,c0467,nan,2025-01-20 01:08:00,payment_retry,s49538,web,east,468,1
ae00337,c0529,o00319,2025-05-19 05:31:00,search_route,s60782,ios,airport,385,1
ae00338,c0257,o00890,2024-08-01 09:26:00,payment_retry,s92069,android,south,523,1
ae00339,c0316,nan,2025-06-04 13:22:00,search_route,s71556,ios,airport,590,1
ae00340,c0330,o00762,2024-06-11 14:01:00,track_order,s97505,ios,east,444,1
ae00341,c0537,o01121,2025-06-24 07:43:00,chat_opened,s44241,ios,riverside,527,1
ae00342,c0245,o00134,2025-02-26 11:20:00,delivery_instruction_update,s34258,android,west,897,1
ae00343,c0113,nan,2025-03-18 08:14:00,eta_refresh,s30321,android,ctr,595,1
ae00344,c0429,nan,2024-05-14 09:28:00,chat_escalated,s24008,web,central,998,0
ae00345,c0535,o01106,2025-10-25 23:21:00,track_order,s27492,ios,north,425,1
ae00346,c0367,o00864,2025-07-24 12:46:00,track_order,s85123,android,east,466,1
ae00347,c0198,nan,2024-11-19 11:28:00,track_order,s52660,web,south,632,1
ae00348,c0470,o00950,2025-05-06 06:45:00,chat_opened,s12702,android,central,73,1
ae00349,c0568,o00258,2025-07-01 01:46:00,search_route,s68625,android,ctr,599,1
ae00350,c0440,o00649,2024-07-11 13:26:00,chat_escalated,s55047,web,riverside,431,1
ae00351,c0374,nan,2024-08-10 14:40:00,chat_opened,s77770,ios,riverside,665,1
ae00352,c0372,o01052,2025-07-04 15:37:00,payment_retry,s40310,android,east,339,0
ae00353,c0467,o01164,2025-06-19 03:46:00,track_order,s84118,web,airport,1240,1
ae00354,c0240,o00522,2025-12-31 09:17:00,payment_retry,s88059,ios,airport,224,1
ae00355,c0024,o00498,2025-09-05 07:19:00,eta_refresh,s50272,web,ctr,162,1
ae00356,c0188,nan,2025-06-02 05:26:00,delivery_instruction_update,s19198,android,airport,439,1
ae00357,c0237,o00715,2024-03-31 09:46:00,track_order,s58207,android,west,155,1
ae00358,c0150,nan,2025-09-15 07:41:00,cancel_attempt,s49398,ios,west,436,1
ae00359,c0246,o00285,2025-07-20 17:10:00,chat_opened,s75742,android,north,421,1
ae00360,c0494,nan,2024-08-24 23:13:00,search_route,s90549,android,south,546,1
ae00361,c0107,o01138,2024-08-11 22:50:00,chat_opened,s52326,android,airport,1690,1
ae00362,c0110,o00472,2025-05-18 06:34:00,cancel_attempt,s41990,android,central,712,1
ae00363,c0502,nan,2024-05-27 09:15:00,eta_refresh,s13723,ios,west,314,1
ae00364,c0442,o00437,2025-12-28 12:16:00,chat_opened,s62470,android,west,191,1
ae00365,c0495,nan,2024-05-26 00:06:00,track_order,s52410,web,south,345,1
ae00366,c0303,o00876,2025-02-12 17:14:00,track_order,s28427,ios,east,374,1
ae00367,c0422,nan,2025-12-09 08:52:00,payment_retry,s64636,ios,riverside,250,0
ae00368,c0198,o00108,2024-05-13 12:41:00,eta_refresh,s81518,ios,south,690,1
ae00369,c0233,o00056,2025-07-03 19:28:00,payment_retry,s64693,android,south,767,1
ae00370,c0143,o00349,2025-11-04 05:48:00,track_order,s81391,android,south,248,1
ae00371,c0465,o00120,2025-09-02 04:20:00,delivery_instruction_update,s69933,android,south,567,1
ae00372,c0031,o01153,2025-01-11 08:26:00,chat_escalated,s31367,android,north,421,0
ae00373,c0428,o00887,2024-06-05 00:55:00,eta_refresh,s30198,web,airport,749,1
ae00374,c0235,nan,2025-07-27 14:49:00,delivery_instruction_update,s26479,android,south,446,1
ae00375,c0191,o01124,2025-03-22 13:47:00,delivery_instruction_update,s67260,ios,riverside,669,1
ae00376,c0097,o00348,2025-10-15 06:18:00,track_order,s46372,android,east,337,1
ae00377,c0144,o00866,2024-11-14 08:15:00,eta_refresh,s75566,android,south,60,1
ae00378,c0528,o01093,2025-07-17 03:13:00,track_order,s64607,ios,airport,668,1
ae00379,c0649,o00517,2024-02-27 15:55:00,chat_opened,s53800,ios,south,301,1
ae00380,c0134,o01002,2025-12-21 09:44:00,eta_refresh,s23762,android,central,60,1
ae00381,c0573,o00812,2025-04-17 07:41:00,eta_refresh,s64472,android,east,517,1
ae00382,c0361,o01249,2025-11-02 07:29:00,eta_refresh,s86079,ios,central,428,1
ae00383,c0313,o01239,2025-07-08 22:02:00,chat_escalated,s25556,ios,north,534,1
ae00384,c0425,o00303,2025-07-13 15:37:00,payment_retry,s91940,android,airport,265,1
ae00385,c0331,o01246,2025-02-23 03:07:00,delivery_instruction_update,s85959,ios,riverside,636,1
ae00386,c0269,o01127,2025-03-20 05:38:00,chat_opened,s72987,ios,east,436,1
ae00387,c0430,nan,2024-12-23 11:44:00,eta_refresh,s12449,android,ctr,1103,1
ae00388,c0437,nan,2025-07-07 13:49:00,payment_retry,s40594,android,ctr,363,1
ae00389,c0026,o00884,2024-07-14 21:54:00,search_route,s34019,web,airport,1265,1
ae00390,c0140,nan,2025-06-17 17:49:00,delivery_instruction_update,s39323,ios,east,324,1
ae00391,c0058,nan,2024-06-01 07:38:00,eta_refresh,s98672,web,west,68,1
ae00392,c0617,nan,2024-07-25 22:02:00,chat_opened,s55184,android,south,552,1
ae00393,c0406,o01209,2025-01-01 09:37:00,chat_escalated,s87121,ios,west,324,1
ae00394,c0292,o01005,2025-04-26 09:01:00,chat_opened,s35246,ios,east,267,1
ae00395,c0016,o00748,2024-04-30 02:38:00,search_route,s79318,ios,airport,161,1
ae00396,c0564,o00111,2024-01-02 03:02:00,track_order,s54033,web,airport,1633,1
ae00397,c0517,o00180,2024-08-16 20:27:00,search_route,s72253,ios,airport,676,1
ae00398,c0317,nan,2025-04-24 02:57:00,track_order,s10823,android,riverside,442,1
ae00399,c0617,nan,2025-04-03 23:33:00,search_route,s59034,ios,airport,504,1
ae00400,c0256,o01216,2024-10-07 04:49:00,search_route,s90819,ios,north,149,1
ae00401,c0401,nan,2025-08-10 10:58:00,eta_refresh,s66819,android,west,692,1
ae00402,c0459,o00554,2025-01-15 08:37:00,track_order,s46288,ios,south,655,1
ae00403,c0180,o00149,2025-03-19 09:20:00,payment_retry,s10192,android,ctr,108,1
ae00404,c0121,o01227,2025-04-05 09:01:00,eta_refresh,s46724,ios,riverside,521,1
ae00405,c0534,o00754,2024-10-26 21:19:00,search_route,s47493,android,airport,391,1
ae00406,c0347,nan,2024-04-14 08:45:00,search_route,s35157,web,south,314,1
ae00407,c0323,o00442,2025-01-12 17:00:00,track_order,s11233,ios,riverside,435,1
ae00408,c0188,o01142,2024-01-27 06:30:00,delivery_instruction_update,s52727,android,west,94,1
ae00409,c0553,o00968,2025-05-18 14:10:00,payment_retry,s15466,android,south,247,1
ae00410,c0377,o00170,2024-08-15 13:48:00,cancel_attempt,s21027,android,central,556,1
ae00411,c0232,o00652,2025-07-11 06:55:00,eta_refresh,s54027,web,west,318,1
ae00412,c0005,nan,2025-12-17 03:49:00,search_route,s77981,android,west,363,1
ae00413,c0615,o00548,2025-06-30 19:24:00,chat_opened,s29100,web,east,415,1
ae00414,c0347,nan,2025-11-27 13:43:00,delivery_instruction_update,s35015,android,airport,863,1
ae00415,c0073,nan,2025-01-14 07:33:00,track_order,s23089,android,east,189,1
ae00416,c0567,nan,2024-12-03 09:17:00,payment_retry,s49000,android,south,377,1
ae00417,c0381,o01091,2025-05-26 16:35:00,payment_retry,s83880,android,west,93,0
ae00418,c0012,o01122,2025-11-06 16:41:00,track_order,s77156,android,west,489,1
ae00419,c0098,nan,2025-12-13 06:08:00,chat_escalated,s21703,ios,south,218,0
ae00420,c0292,o00068,2025-07-12 13:05:00,track_order,s85103,android,north,313,1
ae00421,c0248,nan,2025-05-29 14:18:00,payment_retry,s91752,web,riverside,626,1
ae00422,c0441,o00626,2024-05-03 17:49:00,eta_refresh,s44698,android,airport,1148,1
ae00423,c0397,nan,2024-08-17 11:02:00,payment_retry,s97087,android,east,417,1
ae00424,c0122,o00515,2025-01-30 01:54:00,track_order,s63816,android,airport,863,1
ae00425,c0444,o00651,2025-12-13 07:30:00,track_order,s51771,web,airport,427,1
ae00426,c0232,o00442,2024-01-06 16:17:00,eta_refresh,s91627,android,east,385,1
ae00427,c0163,nan,2024-09-11 08:22:00,delivery_instruction_update,s86956,android,north,336,1
ae00428,c0410,nan,2024-03-14 05:03:00,chat_opened,s38484,android,ctr,242,1
ae00429,c0604,o00119,2025-05-29 18:52:00,delivery_instruction_update,s89816,ios,riverside,374,1
ae00430,c0293,o00589,2025-02-27 18:39:00,eta_refresh,s54890,android,north,507,1
ae00431,c0498,o00890,2024-12-12 02:40:00,search_route,s42910,android,south,840,1
ae00432,c0566,nan,2025-08-22 15:42:00,search_route,s57637,android,north,489,1
ae00433,c0505,o01229,2024-11-08 11:31:00,cancel_attempt,s95338,web,south,173,1
ae00434,c0568,o00624,2024-07-01 20:26:00,track_order,s65887,android,east,572,1
ae00435,c0443,nan,2024-09-19 15:35:00,eta_refresh,s85198,android,south,627,1
ae00436,c0105,o00400,2024-09-11 01:02:00,payment_retry,s32334,ios,riverside,607,1
ae00437,c0039,o01030,2024-01-22 18:04:00,payment_retry,s89304,ios,west,153,0
ae00438,c0141,o00110,2025-06-03 18:59:00,eta_refresh,s56257,android,riverside,880,1
ae00439,c0266,o00694,2025-06-22 20:44:00,chat_opened,s88251,ios,south,442,1
ae00440,c0343,o00175,2024-10-10 07:45:00,eta_refresh,s65286,android,east,343,1
ae00441,c0410,o00491,2025-02-03 05:01:00,track_order,s20334,android,east,633,1
ae00442,c0399,o01089,2024-03-29 12:18:00,chat_opened,s61743,ios,airport,613,1
ae00443,c0352,o00052,2024-06-17 16:24:00,track_order,s44595,web,north,427,1
ae00444,c0033,o00457,2025-10-27 22:48:00,chat_opened,s80276,android,ctr,444,1
ae00445,c0059,o00368,2024-08-28 18:45:00,search_route,s64535,android,east,257,1
ae00446,c0363,nan,2024-12-08 21:41:00,delivery_instruction_update,s49168,ios,south,295,1
ae00447,c0482,nan,2024-05-27 00:40:00,cancel_attempt,s25973,android,airport,427,1
ae00448,c0116,o00640,2025-06-03 06:20:00,payment_retry,s60860,web,west,696,1
ae00449,c0448,o01046,2025-05-16 16:42:00,track_order,s75654,android,central,354,1
ae00450,c0127,o00569,2024-10-17 16:23:00,cancel_attempt,s31505,android,riverside,481,1
ae00451,c0263,o00397,2024-04-19 20:58:00,payment_retry,s48520,web,north,566,1
ae00452,c0328,o01033,2025-10-14 21:53:00,payment_retry,s67845,android,south,865,1
ae00453,c0533,o01050,2025-01-07 07:22:00,eta_refresh,s27396,android,south,60,1
ae00454,c0319,nan,2024-06-16 07:27:00,cancel_attempt,s86441,android,south,619,1
ae00455,c0185,nan,2025-06-15 06:13:00,delivery_instruction_update,s73947,ios,riverside,144,1
ae00456,c0065,o00468,2025-08-26 00:32:00,chat_opened,s41927,ios,west,445,1
ae00457,c0646,nan,2025-04-02 08:36:00,payment_retry,s34228,web,airport,881,1
ae00458,c0227,nan,2024-02-08 23:26:00,search_route,s49487,android,north,606,1
ae00459,c0530,o00259,2025-05-01 22:20:00,eta_refresh,s39920,android,riverside,633,1
ae00460,c0207,nan,2025-04-08 18:47:00,cancel_attempt,s22911,ios,riverside,253,1
ae00461,c0338,o00694,2025-01-20 13:17:00,search_route,s99353,android,south,560,1
ae00462,c0306,o00871,2024-07-08 17:38:00,track_order,s25207,web,airport,1403,1
ae00463,c0632,o00578,2025-12-12 16:29:00,search_route,s67860,ios,west,459,1
ae00464,c0141,nan,2025-06-13 02:18:00,chat_opened,s99949,android,east,498,1
ae00465,c0405,o00472,2024-10-14 12:40:00,payment_retry,s46496,android,north,289,1
ae00466,c0340,o00877,2025-02-07 04:03:00,delivery_instruction_update,s79340,ios,north,741,1
ae00467,c0020,o00568,2024-11-16 21:24:00,eta_refresh,s88112,web,north,72,1
ae00468,c0256,o00270,2025-08-21 17:49:00,chat_opened,s77533,android,airport,386,1
ae00469,c0364,o00426,2025-10-01 02:21:00,chat_opened,s25925,android,north,230,1
ae00470,c0426,o00313,2024-07-12 14:41:00,chat_opened,s38146,ios,north,630,1
ae00471,c0483,nan,2024-08-30 13:38:00,track_order,s61566,ios,riverside,535,1
ae00472,c0598,o00433,2024-08-03 09:44:00,search_route,s33427,ios,west,400,1
ae00473,c0237,o00215,2025-01-30 21:28:00,payment_retry,s43089,android,central,404,1
ae00474,c0395,o01240,2025-11-06 13:46:00,chat_opened,s54474,android,west,476,1
ae00475,c0408,o00456,2025-11-20 04:29:00,track_order,s71913,ios,south,763,1
ae00476,c0523,o00217,2024-04-23 05:35:00,track_order,s88872,web,west,294,1
ae00477,c0266,nan,2024-03-30 19:25:00,delivery_instruction_update,s53022,ios,airport,365,1
ae00478,c0629,o00162,2024-08-04 19:21:00,cancel_attempt,s92557,ios,west,511,1
ae00479,c0607,o00836,2025-01-09 13:34:00,eta_refresh,s96851,ios,west,266,1
ae00480,c0376,o00946,2025-09-17 13:25:00,eta_refresh,s83765,web,west,655,1
ae00481,c0120,o00026,2025-02-09 09:36:00,eta_refresh,s31920,ios,west,486,1
ae00482,c0538,o01053,2025-05-25 15:42:00,track_order,s90703,android,central,363,1
ae00483,c0220,o00464,2025-08-05 22:34:00,payment_retry,s60131,android,north,378,1
ae00484,c0409,o00954,2024-09-08 07:04:00,chat_opened,s54681,android,east,366,1
ae00485,c0286,o00820,2025-03-22 14:00:00,search_route,s27241,ios,ctr,650,1
ae00486,c0642,o01090,2024-11-24 12:57:00,delivery_instruction_update,s44319,web,east,445,1
ae00487,c0113,o00668,2024-03-30 03:51:00,search_route,s82488,web,riverside,407,1
ae00488,c0403,o00609,2025-06-02 02:06:00,payment_retry,s49774,ios,north,504,0
ae00489,c0216,o00923,2025-09-06 07:08:00,search_route,s25859,web,airport,93,1
ae00490,c0092,o00951,2024-11-16 07:23:00,track_order,s49678,android,central,629,1
ae00491,c0280,o00387,2024-10-28 12:40:00,eta_refresh,s83479,ios,east,379,1
ae00492,c0626,o00321,2025-09-27 14:21:00,chat_escalated,s90324,web,central,732,0
ae00493,c0032,o00014,2025-10-16 22:09:00,search_route,s81341,android,west,609,1
ae00494,c0066,nan,2024-12-17 10:58:00,track_order,s87386,android,east,204,1
ae00495,c0152,o00180,2025-05-26 14:42:00,eta_refresh,s19414,ios,north,461,1
ae00496,c0449,o00883,2024-02-21 07:36:00,chat_escalated,s79276,android,south,699,1
ae00497,c0019,o00629,2024-10-09 04:18:00,search_route,s48419,android,south,570,1
ae00498,c0621,nan,2025-04-05 12:19:00,chat_opened,s97305,ios,airport,234,1
ae00499,c0067,nan,2025-01-15 23:40:00,track_order,s64477,android,riverside,322,1
ae00500,c0044,o01025,2025-11-09 05:18:00,cancel_attempt,s17169,android,riverside,401,1
ae00501,c0088,nan,2024-03-21 09:36:00,chat_opened,s85870,ios,south,317,1
ae00502,c0298,o00586,2025-06-11 10:21:00,delivery_instruction_update,s37174,ios,riverside,339,1
ae00503,c0112,o00001,2024-08-02 12:35:00,delivery_instruction_update,s44209,android,riverside,204,1
ae00504,c0530,o00911,2024-09-27 20:14:00,eta_refresh,s26188,ios,north,650,1
ae00505,c0126,o00933,2025-07-16 13:22:00,delivery_instruction_update,s77180,web,riverside,60,1
ae00506,c0521,o00847,2025-06-12 23:24:00,search_route,s52317,android,north,746,1
ae00507,c0613,o00916,2025-12-30 23:05:00,eta_refresh,s75035,ios,east,805,1
ae00508,c0247,nan,2024-01-05 03:05:00,search_route,s40964,ios,airport,661,1
ae00509,c0408,o00111,2025-09-01 23:13:00,delivery_instruction_update,s54652,ios,north,558,1
ae00510,c0622,o01201,2025-09-10 05:05:00,chat_opened,s76345,android,west,200,1
ae00511,c0603,o00263,2025-02-23 07:32:00,eta_refresh,s15323,android,south,626,1
ae00512,c0089,o00210,2024-04-09 08:22:00,payment_retry,s31359,ios,ctr,171,1
ae00513,c0128,nan,2025-12-15 19:45:00,chat_escalated,s83961,android,central,387,0
ae00514,c0479,o00130,2024-04-16 07:25:00,track_order,s88181,android,west,563,1
ae00515,c0239,o00552,2025-08-10 23:50:00,track_order,s66252,ios,south,241,1
ae00516,c0054,o00305,2024-08-19 07:16:00,eta_refresh,s55049,android,west,695,1
ae00517,c0089,o00288,2025-01-06 00:09:00,eta_refresh,s30949,android,riverside,358,1
ae00518,c0313,o00598,2025-03-20 18:15:00,cancel_attempt,s42373,android,south,60,1
ae00519,c0425,o00482,2025-03-13 19:45:00,delivery_instruction_update,s91220,android,south,472,1
ae00520,c0221,o00875,2025-11-30 11:23:00,delivery_instruction_update,s38093,ios,south,60,1
ae00521,c0542,o01079,2024-08-26 03:38:00,eta_refresh,s43006,android,airport,153,1
ae00522,c0495,o00380,2024-01-09 03:41:00,eta_refresh,s15468,ios,airport,247,1
ae00523,c0212,nan,2025-08-13 15:36:00,delivery_instruction_update,s34133,android,central,990,1
ae00524,c0377,o00759,2024-03-17 02:17:00,chat_opened,s27328,ios,airport,1468,1
ae00525,c0300,o01001,2025-07-23 15:34:00,delivery_instruction_update,s49936,android,central,716,1
ae00526,c0137,nan,2025-04-21 19:54:00,search_route,s25731,android,south,313,1
ae00527,c0475,nan,2025-10-06 08:53:00,track_order,s58709,ios,west,225,1
ae00528,c0502,o00032,2025-02-28 15:15:00,eta_refresh,s61761,android,north,376,1
ae00529,c0226,nan,2024-01-17 07:51:00,track_order,s67010,web,south,810,1
ae00530,c0433,o00520,2024-01-01 10:39:00,eta_refresh,s29551,ios,riverside,279,1
ae00531,c0175,o00897,2025-12-13 19:30:00,payment_retry,s18824,ios,east,298,0
ae00532,c0223,nan,2025-04-13 05:32:00,delivery_instruction_update,s23263,web,west,420,1
ae00533,c0358,o00953,2024-11-10 03:21:00,eta_refresh,s56553,ios,ctr,662,1
ae00534,c0518,o00447,2024-01-04 16:24:00,eta_refresh,s59635,android,north,271,1
ae00535,c0133,o01234,2025-05-23 02:05:00,chat_opened,s28612,android,airport,405,1
ae00536,c0317,nan,2025-02-25 05:22:00,eta_refresh,s46532,android,ctr,671,1
ae00537,c0124,o00394,2024-08-10 21:10:00,search_route,s68896,android,south,431,1
ae00538,c0597,o00135,2024-04-18 11:43:00,delivery_instruction_update,s20205,ios,east,666,1
ae00539,c0145,o00986,2024-07-06 23:30:00,track_order,s78417,web,east,133,1
ae00540,c0094,nan,2024-03-01 14:58:00,chat_opened,s46627,android,north,347,1
ae00541,c0635,o00803,2024-06-06 20:52:00,track_order,s34716,ios,riverside,83,1
ae00542,c0508,o00291,2024-09-28 21:45:00,track_order,s86081,ios,south,267,1
ae00543,c0176,o00002,2025-06-26 03:34:00,track_order,s74871,ios,airport,244,1
ae00544,c0411,o00258,2024-06-17 01:39:00,chat_opened,s14020,ios,ctr,451,1
ae00545,c0019,o00640,2025-10-23 01:47:00,search_route,s93178,android,central,171,1
ae00546,c0041,o00050,2025-07-18 12:02:00,eta_refresh,s37605,web,north,242,1
ae00547,c0238,o00764,2024-09-28 04:05:00,chat_escalated,s36427,android,riverside,1138,0
ae00548,c0454,o00923,2024-05-03 13:22:00,chat_opened,s35306,android,east,510,1
ae00549,c0442,o00287,2025-08-29 00:35:00,delivery_instruction_update,s64617,ios,west,763,1
ae00550,c0388,o00923,2024-08-15 18:46:00,search_route,s46051,android,north,549,1
ae00551,c0013,o00455,2025-06-15 23:09:00,chat_opened,s84328,android,riverside,477,1
ae00552,c0616,o01232,2024-07-28 14:12:00,search_route,s47519,android,south,671,1
ae00553,c0401,nan,2025-08-13 10:59:00,track_order,s41785,ios,central,104,1
ae00554,c0394,o01117,2024-11-03 05:42:00,track_order,s93872,web,south,292,1
ae00555,c0108,nan,2025-10-11 17:50:00,track_order,s35202,web,airport,904,1
ae00556,c0266,nan,2024-02-13 11:19:00,track_order,s17949,ios,east,598,1
ae00557,c0187,o00982,2025-02-13 06:44:00,chat_opened,s54552,ios,riverside,720,1
ae00558,c0129,o01192,2024-08-27 13:04:00,payment_retry,s40376,ios,east,603,1
ae00559,c0337,o01131,2024-01-30 07:36:00,chat_escalated,s93047,ios,airport,426,0
ae00560,c0062,o01056,2025-03-30 12:44:00,chat_opened,s36308,android,airport,60,1
ae00561,c0006,o00716,2024-03-14 20:26:00,chat_opened,s17807,web,south,97,1
ae00562,c0291,o00100,2024-05-17 23:35:00,payment_retry,s45061,android,south,567,0
ae00563,c0259,o00572,2025-11-07 23:10:00,search_route,s94354,ios,east,424,1
ae00564,c0620,o00745,2025-06-29 18:33:00,track_order,s88208,android,south,854,1
ae00565,c0260,o00177,2024-09-19 23:02:00,track_order,s51574,web,south,351,1
ae00566,c0538,o00071,2024-12-15 09:29:00,chat_opened,s13907,ios,airport,709,1
ae00567,c0403,nan,2025-12-06 13:13:00,delivery_instruction_update,s74491,android,riverside,838,1
ae00568,c0033,o00103,2025-07-16 05:21:00,search_route,s88268,ios,airport,691,1
ae00569,c0029,o00438,2025-05-20 00:59:00,cancel_attempt,s35398,android,west,831,1
ae00570,c0133,o01194,2024-05-21 17:50:00,delivery_instruction_update,s69203,ios,riverside,387,1
ae00571,c0568,o00328,2025-01-08 15:50:00,chat_escalated,s30102,web,south,661,1
ae00572,c0074,nan,2025-10-03 05:16:00,track_order,s12786,android,east,67,1
ae00573,c0291,o00865,2024-04-17 04:45:00,chat_opened,s32689,android,central,256,1
ae00574,c0591,o01219,2025-08-20 22:54:00,track_order,s22064,android,airport,517,1
ae00575,c0509,o00011,2024-12-26 18:38:00,track_order,s44128,ios,airport,456,1
ae00576,c0218,o00901,2024-11-04 21:00:00,search_route,s39058,android,west,488,1
ae00577,c0050,o00217,2025-10-29 03:52:00,payment_retry,s25608,ios,south,280,1
ae00578,c0289,o01215,2025-06-28 05:20:00,chat_opened,s40958,android,ctr,1462,1
ae00579,c0088,o01143,2025-07-28 12:36:00,search_route,s48311,android,north,730,1
ae00580,c0442,o00629,2025-10-11 08:12:00,delivery_instruction_update,s87300,android,east,60,1
ae00581,c0203,nan,2024-03-07 08:14:00,chat_opened,s36767,android,west,708,1
ae00582,c0509,o00053,2025-01-01 20:04:00,chat_escalated,s17952,ios,central,1402,0
ae00583,c0040,o00424,2024-12-19 02:44:00,eta_refresh,s38065,ios,east,60,1
ae00584,c0338,nan,2024-06-02 09:07:00,cancel_attempt,s42250,ios,north,441,1
ae00585,c0183,o00458,2025-06-21 10:17:00,eta_refresh,s16357,android,central,152,1
ae00586,c0334,nan,2025-04-07 08:42:00,search_route,s25359,android,ctr,249,1
ae00587,c0430,nan,2024-05-21 17:34:00,chat_opened,s79926,android,south,213,1
ae00588,c0046,o00582,2025-06-03 08:19:00,payment_retry,s73412,ios,riverside,516,0
ae00589,c0543,nan,2024-11-19 19:38:00,track_order,s82119,android,riverside,357,1
ae00590,c0515,nan,2025-04-13 04:28:00,search_route,s33101,android,east,145,1
ae00591,c0099,o00801,2024-11-06 12:29:00,eta_refresh,s78327,android,central,755,1
ae00592,c0231,nan,2024-05-06 13:33:00,delivery_instruction_update,s63193,android,airport,704,1
ae00593,c0030,nan,2025-03-10 18:52:00,track_order,s79043,android,west,655,1
ae00594,c0208,o00618,2024-03-03 09:59:00,track_order,s43752,ios,west,308,1
ae00595,c0610,o00716,2025-10-02 23:19:00,eta_refresh,s26110,android,south,142,1
ae00596,c0174,o00190,2024-01-01 19:53:00,eta_refresh,s32843,ios,airport,462,1
ae00597,c0514,o00030,2024-12-02 18:45:00,track_order,s92720,ios,riverside,234,1
ae00598,c0461,nan,2024-06-05 00:16:00,chat_opened,s43230,android,north,712,1
ae00599,c0410,o00517,2024-09-10 00:17:00,chat_escalated,s52699,web,riverside,282,1
ae00600,c0634,o00251,2024-12-03 03:06:00,payment_retry,s11815,ios,west,432,1
ae00601,c0503,o00374,2025-01-06 09:15:00,delivery_instruction_update,s37139,android,north,850,1
ae00602,c0278,o00559,2024-11-29 17:16:00,chat_opened,s47257,android,south,355,1
ae00603,c0232,o00960,2024-07-04 16:58:00,search_route,s62391,web,south,552,1
ae00604,c0378,o00338,2024-05-05 23:01:00,search_route,s93133,ios,ctr,266,1
ae00605,c0576,o01052,2024-07-20 03:58:00,chat_escalated,s79827,web,north,235,0
ae00606,c0442,o00536,2025-01-20 17:25:00,eta_refresh,s68063,ios,south,394,1
ae00607,c0128,o01228,2024-10-05 00:14:00,eta_refresh,s70979,ios,north,609,1
ae00608,c0032,o00812,2025-10-21 12:26:00,eta_refresh,s22172,web,riverside,60,1
ae00609,c0003,o00895,2025-06-27 12:45:00,payment_retry,s43719,ios,riverside,715,1
ae00610,c0590,nan,2025-06-19 02:45:00,track_order,s62267,web,airport,60,1
ae00611,c0038,o00716,2024-11-01 15:56:00,track_order,s52284,android,riverside,60,1
ae00612,c0446,o00508,2024-07-26 04:10:00,track_order,s42727,web,west,605,1
ae00613,c0263,o00620,2025-03-03 17:24:00,search_route,s70320,android,west,355,1
ae00614,c0351,o00652,2024-05-01 01:28:00,eta_refresh,s73106,android,ctr,154,1
ae00615,c0450,o00983,2025-09-04 00:03:00,eta_refresh,s99323,ios,west,322,1
ae00616,c0340,o00578,2025-04-08 21:34:00,delivery_instruction_update,s42991,android,south,569,1
ae00617,c0131,nan,2025-07-21 05:36:00,chat_opened,s95435,ios,ctr,770,1
ae00618,c0058,o01053,2025-05-14 10:54:00,track_order,s64470,ios,north,294,1
ae00619,c0279,o00904,2024-03-14 15:05:00,cancel_attempt,s29439,ios,west,551,1
ae00620,c0017,o01083,2025-08-02 12:06:00,track_order,s69072,android,north,448,1
ae00621,c0141,o01114,2025-10-30 17:01:00,delivery_instruction_update,s54683,android,east,778,1
ae00622,c0052,nan,2024-05-31 16:42:00,eta_refresh,s48972,ios,north,440,1
ae00623,c0168,o00809,2025-01-04 07:15:00,track_order,s80005,android,airport,444,1
ae00624,c0214,o00374,2025-06-27 06:15:00,delivery_instruction_update,s81380,ios,airport,1285,1
ae00625,c0650,o00427,2024-08-18 13:02:00,search_route,s41166,android,south,333,1
ae00626,c0159,o00492,2024-09-29 13:26:00,track_order,s38639,android,west,414,1
ae00627,c0357,nan,2024-11-25 02:30:00,search_route,s10635,web,north,225,1
ae00628,c0264,o00101,2025-05-06 06:56:00,eta_refresh,s90532,android,east,462,1
ae00629,c0412,o01113,2025-08-29 10:33:00,track_order,s17041,android,west,211,1
ae00630,c0161,o00372,2025-06-18 06:26:00,chat_opened,s53370,ios,south,60,1
ae00631,c0106,o00340,2024-04-03 16:30:00,chat_escalated,s75165,ios,south,313,1
ae00632,c0459,o00658,2024-10-03 01:10:00,chat_opened,s57477,android,south,283,1
ae00633,c0298,o00533,2024-07-22 05:38:00,delivery_instruction_update,s42849,web,north,242,1
ae00634,c0240,nan,2024-02-13 14:15:00,chat_escalated,s33275,android,riverside,398,0
ae00635,c0175,o00485,2025-09-04 14:17:00,delivery_instruction_update,s65669,ios,north,245,1
ae00636,c0431,o00575,2025-12-07 01:24:00,chat_opened,s12829,web,south,172,1
ae00637,c0550,o01112,2024-05-22 07:43:00,search_route,s63179,web,central,535,1
ae00638,c0184,o01227,2024-09-08 23:22:00,eta_refresh,s73176,android,east,758,1
ae00639,c0191,o00991,2025-01-06 07:47:00,eta_refresh,s77218,android,ctr,223,1
ae00640,c0182,nan,2025-04-15 23:12:00,track_order,s76489,ios,central,449,1
